{"cameraMode":{"drawMode":0,"name":"Shaded","section":"Shading Mode"},"sceneLighting":true,"audioPlay":false,"sceneViewState":{"m_AlwaysRefresh":false,"showFog":true,"showSkybox":true,"showFlares":true,"showImageEffects":true,"showParticleSystems":true,"showVisualEffectGraphs":true,"m_FxEnabled":true},"in2DMode":false,"pivot":{"x":113.37999725341797,"y":1.0099999904632569,"z":57.040000915527347},"rotation":{"x":0.10280729830265045,"y":0.8379683494567871,"z":-0.16942860186100007,"w":0.5084719061851502},"size":1.9838950634002686,"orthographic":false}